{
  "Name": "Milky Way",
  "Systems": {
    "Sol": {
      "Stars": {
        "A": {
          "Mass": 1.0,
          "Luminosity": 1.0,
          "Age": 4.6,
          "Temperature": 5770.0,
          "Radius": 1.0,
          "SpectralClass": "G2V",
          "Planets": {
            "Mercury": {
              "Attributes": {
                "Type": "Planet"
              },
              "PhysicalData": {
                "Mass": 3.302e+23,
                "Density": 5.427,
                "Radius": 2440.53,
                "Gravity": 3.701,
                "Temperature": 440.0,
                "HillSphereRadius": 94.4,
                "GravitationalParameter": 22031.86855
              },
              "OrbitalData": {
                "SemiMajorAxis": 0.3870982121841599,
                "Eccentricity": 0.2056302933705569,
                "Period": 87.96909804206014,
                "Inclination": 3.381086931543888,
                "LongitudeAscendingNode": 313.4194629619007,
                "ArgumentPeriapsis": 109.5742047222923,
                "MeanAnomaly": 174.795882916958,
                "TrueAnomaly": 176.4950862746721,
                "AxialTilt": 2.11,
                "SiderealRotationPeriod": 4222.6104000000005
              }
            },
            "Venus": {
              "Attributes": {
                "Type": "Planet",
                "Retrograde": true
              },
              "PhysicalData": {
                "Mass": 4.8685e+24,
                "Density": 5.204,
                "Radius": 6051.893,
                "Gravity": 8.87,
                "Temperature": 735.0,
                "HillSphereRadius": 167.1,
                "GravitationalParameter": 324858.592
              },
              "OrbitalData": {
                "SemiMajorAxis": 0.7233269274796513,
                "Eccentricity": 0.006755786251885929,
                "Period": 224.698330074763,
                "Inclination": 3.857944513182229,
                "LongitudeAscendingNode": 240.2975100801661,
                "ArgumentPeriapsis": 236.8981836121347,
                "MeanAnomaly": 50.11477187404284,
                "TrueAnomaly": 50.71202823959879,
                "AxialTilt": 177.3,
                "SiderealRotationPeriod": 2801.9759999999997
              }
            },
            "Earth": {
              "Attributes": {
                "Type": "Planet"
              },
              "Moons": {
                "Moon": {
                  "Attributes": {
                    "Type": "Satellite",
                    "Class": "Barren",
                    "Size": "Tiny",
                    "SurfaceMaterial": "System/Planets/Luna",
                    "AtmosphereType": "None",
                    "RangeMultiplier": 50
                  },
                  "PhysicalData": {
                    "Mass": 7.349e+22,
                    "Density": 3.3437,
                    "Radius": 1738.0,
                    "Gravity": 1.62,
                    "GravitationalParameter": 4902.800066
                  },
                  "OrbitalData": {
                    "SemiMajorAxis": 384400.0,
                    "Eccentricity": 0.0549,
                    "Period": 27.321582,
                    "SiderealRotationPeriod": 708.7344,
                    "Inclination": 5.145,
                    "LongitudeAscendingNode": 241.2713606974586,
                    "ArgumentPeriapsis": 328.980187284116,
                    "MeanAnomaly": 238.5779166596645,
                    "TrueAnomaly": 235.5936224066131,
                    "AxialTilt": 6.67
                  }
                }
              },
              "PhysicalData": {
                "Mass": 5.97219e+24,
                "Density": 5.51,
                "Radius": 6378.137,
                "Gravity": 9.7803267715,
                "Temperature": 287.6,
                "HillSphereRadius": 234.9,
                "GravitationalParameter": 398600.435436
              },
              "OrbitalData": {
                "SemiMajorAxis": 1.000448828934185,
                "Eccentricity": 0.01711862906746885,
                "Period": 365.5022838235192,
                "Inclination": 7.251513445651153,
                "LongitudeAscendingNode": 241.097743921078,
                "ArgumentPeriapsis": 206.0459434316863,
                "MeanAnomaly": 358.6172562416435,
                "TrueAnomaly": 358.5688856532555,
                "AxialTilt": 23.4392911,
                "SiderealRotationPeriod": 23.9344695944
              }
            },
            "Mars": {
              "Attributes": {
                "Type": "Planet",
                "Class": "Martian"
              },
              "PhysicalData": {
                "Mass": 6.4171e+23,
                "Density": 3.933,
                "Radius": 3396.19,
                "Gravity": 3.71,
                "Temperature": 210.0,
                "HillSphereRadius": 319.8,
                "GravitationalParameter": 42828.375214
              },
              "OrbitalData": {
                "SemiMajorAxis": 1.523678992938855,
                "Eccentricity": 0.09331510145826083,
                "Period": 686.9712731789837,
                "Inclination": 5.650993606269039,
                "LongitudeAscendingNode": 249.4238472638976,
                "ArgumentPeriapsis": 72.0620330470033,
                "MeanAnomaly": 19.35648274725784,
                "TrueAnomaly": 23.33319664407214,
                "AxialTilt": 25.19,
                "SiderealRotationPeriod": 24.622962
              }
            },
            "Jupiter": {
              "Attributes": {
                "Type": "Planet"
              },
              "Moons": {
                "Io": {
                  "Attributes": {
                    "Type": "Satellite",
                    "Class": "Barren",
                    "Size": "Tiny",
                    "SurfaceMaterial": "System/Planets/Io",
                    "AtmosphereType": "None",
                    "RangeMultiplier": 100
                  },
                  "PhysicalData": {
                    "Density": 3.528,
                    "Radius": 1821.49,
                    "GravitationalParameter": 5959.9155
                  },
                  "OrbitalData": {
                    "SemiMajorAxis": 422000.0,
                    "Eccentricity": 0.00472,
                    "Period": 1.77,
                    "SiderealRotationPeriod": 42.480000000000004,
                    "Inclination": 0.0375,
                    "LongitudeAscendingNode": 241.1210503807339,
                    "ArgumentPeriapsis": 127.3992554807201,
                    "MeanAnomaly": 33.54986953430662,
                    "TrueAnomaly": 13.08436484643558
                  }
                },
                "Europa": {
                  "Attributes": {
                    "Type": "Satellite"
                  },
                  "RangeMultiplier": 100,
                  "PhysicalData": {
                    "Density": 3.013,
                    "Radius": 1560.8,
                    "GravitationalParameter": 3202.7121
                  },
                  "OrbitalData": {
                    "SemiMajorAxis": 671000.0,
                    "Eccentricity": 0.00981,
                    "Period": 3.55,
                    "SiderealRotationPeriod": 85.19999999999999,
                    "Inclination": 0.462,
                    "LongitudeAscendingNode": 194.6981247648628,
                    "ArgumentPeriapsis": 352.1262296644621,
                    "MeanAnomaly": 188.1655156055447,
                    "TrueAnomaly": 180.0415232622323
                  }
                }
              },
              "PhysicalData": {
                "Mass": 1.89818722e+30,
                "Density": 1.3262,
                "Radius": 69911.0,
                "Gravity": 24.79,
                "Temperature": 165.0,
                "HillSphereRadius": 740.0,